"Date_YYYYMMDD","LOCAL_ID","LOCAL_NAME","SNODAS_SWE_UpstreamTotal_Volume_acft","Updated_Timestamp"
20170602,CDMC2,LODGEPOLE CR. AT RALTON NE,264897.0000,2017-06-02 12:10 America/Denver
20170602,ARCC2,LODGEPOLE CR. AT RALTON NE,264897.0000,2017-06-02 12:10 America/Denver
20170602,LXHC2,LODGEPOLE CR. AT RALTON NE,264897.0000,2017-06-02 12:10 America/Denver
20170602,FWRC2U,LODGEPOLE CR. AT RALTON NE,207.0000,2017-06-02 12:10 America/Denver
20170602,BONC2U,LODGEPOLE CR. AT RALTON NE,16118.0000,2017-06-02 12:10 America/Denver
20170602,LAMC2U,LODGEPOLE CR. AT RALTON NE,0.0000,2017-06-02 12:10 America/Denver
20170602,LARC2U,LODGEPOLE CR. AT RALTON NE,0.0000,2017-06-02 12:10 America/Denver
20170602,NPTC2U,LODGEPOLE CR. AT RALTON NE,0.0000,2017-06-02 12:10 America/Denver
20170602,FSEC2U,LODGEPOLE CR. AT RALTON NE,1016.0000,2017-06-02 12:10 America/Denver
20170602,CSNC2U,LODGEPOLE CR. AT RALTON NE,1003.0000,2017-06-02 12:10 America/Denver
20170602,THTC2U,LODGEPOLE CR. AT RALTON NE,18410.0000,2017-06-02 12:10 America/Denver
20170602,SCVC2U,LODGEPOLE CR. AT RALTON NE,0.0000,2017-06-02 12:10 America/Denver
20170602,PNNC2U,LODGEPOLE CR. AT RALTON NE,0.0000,2017-06-02 12:10 America/Denver
20170602,FHAC2U,LODGEPOLE CR. AT RALTON NE,1016.0000,2017-06-02 12:10 America/Denver
20170602,PBAC2U,LODGEPOLE CR. AT RALTON NE,247556.0000,2017-06-02 12:10 America/Denver
20170602,CBVC2,LODGEPOLE CR. AT RALTON NE,13555.0000,2017-06-02 12:10 America/Denver
20170602,ABVC2,LODGEPOLE CR. AT RALTON NE,165581.0000,2017-06-02 12:10 America/Denver
20170602,CLVC2L,LODGEPOLE CR. AT RALTON NE,7857.0000,2017-06-02 12:10 America/Denver
20170602,GCWC2,LODGEPOLE CR. AT RALTON NE,35665.0000,2017-06-02 12:10 America/Denver
20170602,BCHC2,LODGEPOLE CR. AT RALTON NE,0.0000,2017-06-02 12:10 America/Denver
20170602,PGWC2L,LODGEPOLE CR. AT RALTON NE,18410.0000,2017-06-02 12:10 America/Denver
20170602,PGWC2U,LODGEPOLE CR. AT RALTON NE,13320.0000,2017-06-02 12:10 America/Denver
20170602,CLRC2,LODGEPOLE CR. AT RALTON NE,6959.0000,2017-06-02 12:10 America/Denver
20170602,CHKC2,LODGEPOLE CR. AT RALTON NE,8146.0000,2017-06-02 12:10 America/Denver
20170602,AERK1N,LODGEPOLE CR. AT RALTON NE,0.0000,2017-06-02 12:10 America/Denver
20170602,NMIC2,LODGEPOLE CR. AT RALTON NE,18410.0000,2017-06-02 12:10 America/Denver
20170602,THTC2L,LODGEPOLE CR. AT RALTON NE,18410.0000,2017-06-02 12:10 America/Denver
20170602,DWSC2,LODGEPOLE CR. AT RALTON NE,35665.0000,2017-06-02 12:10 America/Denver
20170602,HMCC2,LODGEPOLE CR. AT RALTON NE,8679.0000,2017-06-02 12:10 America/Denver
20170602,TDDC2,LODGEPOLE CR. AT RALTON NE,18410.0000,2017-06-02 12:10 America/Denver
20170602,PTRC2,LODGEPOLE CR. AT RALTON NE,18410.0000,2017-06-02 12:10 America/Denver
20170602,FNEC2,LODGEPOLE CR. AT RALTON NE,1016.0000,2017-06-02 12:10 America/Denver
20170602,PDLC2,LODGEPOLE CR. AT RALTON NE,208839.0000,2017-06-02 12:10 America/Denver
20170602,CCAC2,LODGEPOLE CR. AT RALTON NE,6959.0000,2017-06-02 12:10 America/Denver
20170602,CBAC2,LODGEPOLE CR. AT RALTON NE,12396.0000,2017-06-02 12:10 America/Denver
20170602,HMZC2L,LODGEPOLE CR. AT RALTON NE,7515.0000,2017-06-02 12:10 America/Denver
20170602,FCAC2,LODGEPOLE CR. AT RALTON NE,66.0000,2017-06-02 12:10 America/Denver
20170602,PRTC2,LODGEPOLE CR. AT RALTON NE,244570.0000,2017-06-02 12:10 America/Denver
20170602,PNNC2L,LODGEPOLE CR. AT RALTON NE,1016.0000,2017-06-02 12:10 America/Denver
20170602,PBAC2L,LODGEPOLE CR. AT RALTON NE,247556.0000,2017-06-02 12:10 America/Denver
20170602,PDAC2,LODGEPOLE CR. AT RALTON NE,247556.0000,2017-06-02 12:10 America/Denver
20170602,FCHC2,LODGEPOLE CR. AT RALTON NE,1016.0000,2017-06-02 12:10 America/Denver
20170602,HMZC2U,LODGEPOLE CR. AT RALTON NE,7416.0000,2017-06-02 12:10 America/Denver
20170602,SALC2,LODGEPOLE CR. AT RALTON NE,188372.0000,2017-06-02 12:10 America/Denver
20170602,ARNC2,LODGEPOLE CR. AT RALTON NE,188000.0000,2017-06-02 12:10 America/Denver
20170602,WSVC2,LODGEPOLE CR. AT RALTON NE,195876.0000,2017-06-02 12:10 America/Denver
20170602,CSNC2L,LODGEPOLE CR. AT RALTON NE,1016.0000,2017-06-02 12:10 America/Denver
20170602,KENO2,LODGEPOLE CR. AT RALTON NE,0.0000,2017-06-02 12:10 America/Denver
20170602,FWRC2L,LODGEPOLE CR. AT RALTON NE,207.0000,2017-06-02 12:10 America/Denver
20170602,TBTC2,LODGEPOLE CR. AT RALTON NE,0.0000,2017-06-02 12:10 America/Denver
20170602,PGMC2,LODGEPOLE CR. AT RALTON NE,18410.0000,2017-06-02 12:10 America/Denver
20170602,CNCC2,LODGEPOLE CR. AT RALTON NE,244504.0000,2017-06-02 12:10 America/Denver
20170602,FHAC2L,LODGEPOLE CR. AT RALTON NE,1016.0000,2017-06-02 12:10 America/Denver
20170602,LARC2L,LODGEPOLE CR. AT RALTON NE,264897.0000,2017-06-02 12:10 America/Denver
20170602,LAPC2,LODGEPOLE CR. AT RALTON NE,18410.0000,2017-06-02 12:10 America/Denver
20170602,SCVC2L,LODGEPOLE CR. AT RALTON NE,0.0000,2017-06-02 12:10 America/Denver
20170602,CLVC2U,LODGEPOLE CR. AT RALTON NE,7749.0000,2017-06-02 12:10 America/Denver
20170602,NPTC2L,LODGEPOLE CR. AT RALTON NE,264690.0000,2017-06-02 12:10 America/Denver
20170602,ADLC2,LODGEPOLE CR. AT RALTON NE,248572.0000,2017-06-02 12:10 America/Denver
20170602,BONC2L,LODGEPOLE CR. AT RALTON NE,16118.0000,2017-06-02 12:10 America/Denver
20170602,LAMC2L,LODGEPOLE CR. AT RALTON NE,0.0000,2017-06-02 12:10 America/Denver
20170602,EHTK1,LODGEPOLE CR. AT RALTON NE,0.0000,2017-06-02 12:10 America/Denver
20170602,COOK1,LODGEPOLE CR. AT RALTON NE,283307.0000,2017-06-02 12:10 America/Denver
20170602,FSEC2L,LODGEPOLE CR. AT RALTON NE,1016.0000,2017-06-02 12:10 America/Denver
20170602,DRFK1,LODGEPOLE CR. AT RALTON NE,283307.0000,2017-06-02 12:10 America/Denver
20170602,GCKK1,LODGEPOLE CR. AT RALTON NE,283307.0000,2017-06-02 12:10 America/Denver
20170602,JMCC2,LODGEPOLE CR. AT RALTON NE,283307.0000,2017-06-02 12:10 America/Denver
20170602,LMAC2,LODGEPOLE CR. AT RALTON NE,283307.0000,2017-06-02 12:10 America/Denver
20170602,DDCK1,LODGEPOLE CR. AT RALTON NE,283307.0000,2017-06-02 12:10 America/Denver
20170602,SYRK1,LODGEPOLE CR. AT RALTON NE,283307.0000,2017-06-02 12:10 America/Denver
20170602,KENK1,LODGEPOLE CR. AT RALTON NE,283307.0000,2017-06-02 12:10 America/Denver
20170602,FRGO2,LODGEPOLE CR. AT RALTON NE,0.0000,2017-06-02 12:10 America/Denver
20170602,TQLC2,LODGEPOLE CR. AT RALTON NE,17406.0000,2017-06-02 12:10 America/Denver
20170602,LEDC2,LODGEPOLE CR. AT RALTON NE,66818.0000,2017-06-02 12:10 America/Denver
20170602,TINC2,LODGEPOLE CR. AT RALTON NE,14185.0000,2017-06-02 12:10 America/Denver
20170602,ABEC2,LODGEPOLE CR. AT RALTON NE,120842.0000,2017-06-02 12:10 America/Denver
20170602,TLRC2,LODGEPOLE CR. AT RALTON NE,17288.0000,2017-06-02 12:10 America/Denver
20170602,ARGC2,LODGEPOLE CR. AT RALTON NE,151935.0000,2017-06-02 12:10 America/Denver
20170602,BTNFDRLO,LODGEPOLE CR. AT RALTON NE,13920.0000,2017-06-02 12:10 America/Denver
20170602,BTNFDRM,LODGEPOLE CR. AT RALTON NE,13920.0000,2017-06-02 12:10 America/Denver
20170602,BTNFDRUP,LODGEPOLE CR. AT RALTON NE,10212.0000,2017-06-02 12:10 America/Denver
20170602,BTCANYLO,LODGEPOLE CR. AT RALTON NE,71143.0000,2017-06-02 12:10 America/Denver
20170602,BTCANYUP,LODGEPOLE CR. AT RALTON NE,735.0000,2017-06-02 12:10 America/Denver
20170602,BTABESLO,LODGEPOLE CR. AT RALTON NE,56488.0000,2017-06-02 12:10 America/Denver
20170602,BTABESM,LODGEPOLE CR. AT RALTON NE,56488.0000,2017-06-02 12:10 America/Denver
20170602,BTABESUP,LODGEPOLE CR. AT RALTON NE,40546.0000,2017-06-02 12:10 America/Denver
20170602,TCFC2H_F,LODGEPOLE CR. AT RALTON NE,62394.0000,2017-06-02 12:10 America/Denver
20170602,SKEC2H_F,LODGEPOLE CR. AT RALTON NE,18723.0000,2017-06-02 12:10 America/Denver
20170602,BSWC2L_F,LODGEPOLE CR. AT RALTON NE,41047.0000,2017-06-02 12:10 America/Denver
20170602,NAVC2H_F,LODGEPOLE CR. AT RALTON NE,16901.0000,2017-06-02 12:10 America/Denver
20170602,ENMC2H_F,LODGEPOLE CR. AT RALTON NE,117166.0000,2017-06-02 12:10 America/Denver
20170602,TRAC2H_F,LODGEPOLE CR. AT RALTON NE,18189.0000,2017-06-02 12:10 America/Denver
20170602,TPIC2L_F,LODGEPOLE CR. AT RALTON NE,47988.0000,2017-06-02 12:10 America/Denver
20170602,DRRC2H_F,LODGEPOLE CR. AT RALTON NE,48557.0000,2017-06-02 12:10 America/Denver
20170602,SJAC2H_F,LODGEPOLE CR. AT RALTON NE,5768.0000,2017-06-02 12:10 America/Denver
20170602,DIRC2L_F,LODGEPOLE CR. AT RALTON NE,125301.0000,2017-06-02 12:10 America/Denver
20170602,WFLC2H_F,LODGEPOLE CR. AT RALTON NE,27373.0000,2017-06-02 12:10 America/Denver
20170602,CRCC2H_F,LODGEPOLE CR. AT RALTON NE,5257.0000,2017-06-02 12:10 America/Denver
20170602,FPTC2H_F,LODGEPOLE CR. AT RALTON NE,65197.0000,2017-06-02 12:10 America/Denver
20170602,LPHC2H_F,LODGEPOLE CR. AT RALTON NE,8573.0000,2017-06-02 12:10 America/Denver
20170602,APNC2H_F,LODGEPOLE CR. AT RALTON NE,47881.0000,2017-06-02 12:10 America/Denver
20170602,LEMC2H_F,LODGEPOLE CR. AT RALTON NE,13697.0000,2017-06-02 12:10 America/Denver
20170602,CSSC2H_F,LODGEPOLE CR. AT RALTON NE,27142.0000,2017-06-02 12:10 America/Denver
20170602,LFGC2H_F,LODGEPOLE CR. AT RALTON NE,24800.0000,2017-06-02 12:10 America/Denver
20170602,TOMC2L_F,LODGEPOLE CR. AT RALTON NE,33038.0000,2017-06-02 12:10 America/Denver
20170602,RURC2L_F,LODGEPOLE CR. AT RALTON NE,84031.0000,2017-06-02 12:10 America/Denver
20170602,VCRC2H_F,LODGEPOLE CR. AT RALTON NE,34298.0000,2017-06-02 12:10 America/Denver
20170602,PSBC2H_F,LODGEPOLE CR. AT RALTON NE,4305.0000,2017-06-02 12:10 America/Denver
20170602,BMDC2L_F,LODGEPOLE CR. AT RALTON NE,239125.0000,2017-06-02 12:10 America/Denver
20170602,WORC2H_F,LODGEPOLE CR. AT RALTON NE,24385.0000,2017-06-02 12:10 America/Denver
20170602,FISC2H_F,LODGEPOLE CR. AT RALTON NE,30549.0000,2017-06-02 12:10 America/Denver
20170602,DCKC2H_F,LODGEPOLE CR. AT RALTON NE,4384.0000,2017-06-02 12:10 America/Denver
20170602,MPSC2L_F,LODGEPOLE CR. AT RALTON NE,250955.0000,2017-06-02 12:10 America/Denver
20170602,CLSC2L_F,LODGEPOLE CR. AT RALTON NE,263233.0000,2017-06-02 12:10 America/Denver
20170602,SMPC2H_F,LODGEPOLE CR. AT RALTON NE,36721.0000,2017-06-02 12:10 America/Denver
20170602,PSPC2H_F,LODGEPOLE CR. AT RALTON NE,66066.0000,2017-06-02 12:10 America/Denver
20170602,LCCC2H_F,LODGEPOLE CR. AT RALTON NE,103.0000,2017-06-02 12:10 America/Denver
20170602,RCYC2H_F,LODGEPOLE CR. AT RALTON NE,8501.0000,2017-06-02 12:10 America/Denver
20170602,UCRC2H_F,LODGEPOLE CR. AT RALTON NE,20715.0000,2017-06-02 12:10 America/Denver
20170602,LSRC2H_F,LODGEPOLE CR. AT RALTON NE,53889.0000,2017-06-02 12:10 America/Denver
20170602,WETC2H_F,LODGEPOLE CR. AT RALTON NE,209.0000,2017-06-02 12:10 America/Denver
20170602,RBSC2L_F,LODGEPOLE CR. AT RALTON NE,25099.0000,2017-06-02 12:10 America/Denver
20170602,SLFC2H_F,LODGEPOLE CR. AT RALTON NE,5183.0000,2017-06-02 12:10 America/Denver
20170602,DRGC2H_F,LODGEPOLE CR. AT RALTON NE,113688.0000,2017-06-02 12:10 America/Denver
20170602,PRSC2H_F,LODGEPOLE CR. AT RALTON NE,1457.0000,2017-06-02 12:10 America/Denver
20170602,GPSC2L_F,LODGEPOLE CR. AT RALTON NE,232804.0000,2017-06-02 12:10 America/Denver
20170602,LSDW4L_F,LODGEPOLE CR. AT RALTON NE,90303.0000,2017-06-02 12:10 America/Denver
20170602,CGGC2L_F,LODGEPOLE CR. AT RALTON NE,253368.0000,2017-06-02 12:10 America/Denver
20170602,GCOC2L_F,LODGEPOLE CR. AT RALTON NE,1031134.0000,2017-06-02 12:10 America/Denver
20170602,WHIC2L_F,LODGEPOLE CR. AT RALTON NE,192789.0000,2017-06-02 12:10 America/Denver
20170602,LNAC2H_F,LODGEPOLE CR. AT RALTON NE,355.0000,2017-06-02 12:10 America/Denver
20170602,NVRN5L_F,LODGEPOLE CR. AT RALTON NE,143658.0000,2017-06-02 12:10 America/Denver
20170602,SNMC2L_F,LODGEPOLE CR. AT RALTON NE,45034.0000,2017-06-02 12:10 America/Denver
20170602,LILC2L_F,LODGEPOLE CR. AT RALTON NE,90305.0000,2017-06-02 12:10 America/Denver
20170602,YDLC2L_F,LODGEPOLE CR. AT RALTON NE,377693.0000,2017-06-02 12:10 America/Denver
20170602,WHBC2L_F,LODGEPOLE CR. AT RALTON NE,192789.0000,2017-06-02 12:10 America/Denver
20170602,WATU1L_F,LODGEPOLE CR. AT RALTON NE,192789.0000,2017-06-02 12:10 America/Denver
20170602,MCEC2H_F,LODGEPOLE CR. AT RALTON NE,0.0000,2017-06-02 12:10 America/Denver
20170602,DLAC2L_F,LODGEPOLE CR. AT RALTON NE,28618.0000,2017-06-02 12:10 America/Denver
20170602,GJNC2L_F,LODGEPOLE CR. AT RALTON NE,343532.0000,2017-06-02 12:10 America/Denver
20170602,ALEC2H_F,LODGEPOLE CR. AT RALTON NE,31597.0000,2017-06-02 12:10 America/Denver
20170602,GUSC2L_F,LODGEPOLE CR. AT RALTON NE,138703.0000,2017-06-02 12:10 America/Denver
20170602,SCCC2H_F,LODGEPOLE CR. AT RALTON NE,12358.0000,2017-06-02 12:10 America/Denver
20170602,DELC2L_F,LODGEPOLE CR. AT RALTON NE,314871.0000,2017-06-02 12:10 America/Denver
20170602,DOLC2L_F,LODGEPOLE CR. AT RALTON NE,102876.0000,2017-06-02 12:10 America/Denver
20170602,JESU1L_F,LODGEPOLE CR. AT RALTON NE,377693.0000,2017-06-02 12:10 America/Denver
20170602,MPHC2L_F,LODGEPOLE CR. AT RALTON NE,102876.0000,2017-06-02 12:10 America/Denver
20170602,DBDC2L_F,LODGEPOLE CR. AT RALTON NE,103669.0000,2017-06-02 12:10 America/Denver
20170602,GWSC2L_F,LODGEPOLE CR. AT RALTON NE,215086.0000,2017-06-02 12:10 America/Denver
20170602,WRMC2H_F,LODGEPOLE CR. AT RALTON NE,192789.0000,2017-06-02 12:10 America/Denver
20170602,RERC2H_F,LODGEPOLE CR. AT RALTON NE,47064.0000,2017-06-02 12:10 America/Denver
20170602,GMRC2L_F,LODGEPOLE CR. AT RALTON NE,165672.0000,2017-06-02 12:10 America/Denver
20170602,SOMC2L_F,LODGEPOLE CR. AT RALTON NE,16207.0000,2017-06-02 12:10 America/Denver
20170602,ALTC2L_F,LODGEPOLE CR. AT RALTON NE,82068.0000,2017-06-02 12:10 America/Denver
20170602,CLOC2L_F,LODGEPOLE CR. AT RALTON NE,28618.0000,2017-06-02 12:10 America/Denver
20170602,CGYC2L_F,LODGEPOLE CR. AT RALTON NE,1100687.0000,2017-06-02 12:10 America/Denver
20170602,CCUC2R_F,LODGEPOLE CR. AT RALTON NE,1444219.0000,2017-06-02 12:10 America/Denver
20170602,CAWC2L_F,LODGEPOLE CR. AT RALTON NE,205225.0000,2017-06-02 12:10 America/Denver
20170602,RCAC2H_F,LODGEPOLE CR. AT RALTON NE,2593.0000,2017-06-02 12:10 America/Denver
20170602,EGLC2L_F,LODGEPOLE CR. AT RALTON NE,792244.0000,2017-06-02 12:10 America/Denver
20170602,WFDC2L_F,LODGEPOLE CR. AT RALTON NE,31344.0000,2017-06-02 12:10 America/Denver
20170602,KRMC2L_F,LODGEPOLE CR. AT RALTON NE,474790.0000,2017-06-02 12:10 America/Denver
20170602,SMUC2L_F,LODGEPOLE CR. AT RALTON NE,45373.0000,2017-06-02 12:10 America/Denver
20170602,DOLU1L_F,LODGEPOLE CR. AT RALTON NE,150683.0000,2017-06-02 12:10 America/Denver
20170602,STMC2L_F,LODGEPOLE CR. AT RALTON NE,111171.0000,2017-06-02 12:10 America/Denver
20170602,MBLC2L_F,LODGEPOLE CR. AT RALTON NE,287388.0000,2017-06-02 12:10 America/Denver
20170602,HMAC2H_F,LODGEPOLE CR. AT RALTON NE,5172.0000,2017-06-02 12:10 America/Denver
20170602,HMSC2L_F,LODGEPOLE CR. AT RALTON NE,23347.0000,2017-06-02 12:10 America/Denver
20170602,RRGC2H_F,LODGEPOLE CR. AT RALTON NE,0.0000,2017-06-02 12:10 America/Denver
20170602,CAMC2L_F,LODGEPOLE CR. AT RALTON NE,1075361.0000,2017-06-02 12:10 America/Denver
20170602,VEGC2H_F,LODGEPOLE CR. AT RALTON NE,1641.0000,2017-06-02 12:10 America/Denver
20170602,PCCC2L_F,LODGEPOLE CR. AT RALTON NE,25326.0000,2017-06-02 12:10 America/Denver
20170602,GRVC2H_F,LODGEPOLE CR. AT RALTON NE,18845.0000,2017-06-02 12:10 America/Denver
20170602,EALC2L_F,LODGEPOLE CR. AT RALTON NE,181259.0000,2017-06-02 12:10 America/Denver
20170602,SJCC2L_F,LODGEPOLE CR. AT RALTON NE,92467.0000,2017-06-02 12:10 America/Denver
20170602,PIDC2H_F,LODGEPOLE CR. AT RALTON NE,16834.0000,2017-06-02 12:10 America/Denver
20170602,LOSC2L_F,LODGEPOLE CR. AT RALTON NE,34357.0000,2017-06-02 12:10 America/Denver
20170602,CDRC2L_F,LODGEPOLE CR. AT RALTON NE,129303.0000,2017-06-02 12:10 America/Denver
20170602,LPFN5L_F,LODGEPOLE CR. AT RALTON NE,8686.0000,2017-06-02 12:10 America/Denver
20170602,LPSC2L_F,LODGEPOLE CR. AT RALTON NE,8686.0000,2017-06-02 12:10 America/Denver
20170602,MRTC2L_F,LODGEPOLE CR. AT RALTON NE,4391.0000,2017-06-02 12:10 America/Denver
20170602,YASC2H_F,LODGEPOLE CR. AT RALTON NE,25024.0000,2017-06-02 12:10 America/Denver
20170602,SCHC2R_F,LODGEPOLE CR. AT RALTON NE,25024.0000,2017-06-02 12:10 America/Denver
20170602,RBPC2H_F,LODGEPOLE CR. AT RALTON NE,6887.0000,2017-06-02 12:10 America/Denver
20170602,HTSC2L_F,LODGEPOLE CR. AT RALTON NE,209482.0000,2017-06-02 12:10 America/Denver
20170602,MNRC2H_F,LODGEPOLE CR. AT RALTON NE,4391.0000,2017-06-02 12:10 America/Denver
20170602,BUEC2H_F,LODGEPOLE CR. AT RALTON NE,23383.0000,2017-06-02 12:10 America/Denver
20170602,ELHC2H_F,LODGEPOLE CR. AT RALTON NE,485.0000,2017-06-02 12:10 America/Denver
20170602,DGOC2R_F,LODGEPOLE CR. AT RALTON NE,115606.0000,2017-06-02 12:10 America/Denver
20170602,GEPC2R_F,LODGEPOLE CR. AT RALTON NE,263233.0000,2017-06-02 12:10 America/Denver
20170602,FRASER-U,LODGEPOLE CR. AT RALTON NE,7830.0000,2017-06-02 12:10 America/Denver
20170602,FRASER-L,LODGEPOLE CR. AT RALTON NE,48501.0000,2017-06-02 12:10 America/Denver
20170602,FRASER-DW,LODGEPOLE CR. AT RALTON NE,40407.0000,2017-06-02 12:10 America/Denver
20170602,403,LODGEPOLE CR. AT RALTON NE,0.0000,2017-06-02 12:10 America/Denver
20170602,405,LODGEPOLE CR. AT RALTON NE,0.0000,2017-06-02 12:10 America/Denver
20170602,406,LODGEPOLE CR. AT RALTON NE,0.0000,2017-06-02 12:10 America/Denver
20170602,3202,LODGEPOLE CR. AT RALTON NE,123684.0000,2017-06-02 12:10 America/Denver
20170602,3203,LODGEPOLE CR. AT RALTON NE,124679.0000,2017-06-02 12:10 America/Denver
20170602,3204,LODGEPOLE CR. AT RALTON NE,900.0000,2017-06-02 12:10 America/Denver
20170602,3205,LODGEPOLE CR. AT RALTON NE,124679.0000,2017-06-02 12:10 America/Denver
20170602,3130,LODGEPOLE CR. AT RALTON NE,57097.0000,2017-06-02 12:10 America/Denver
20170602,3101,LODGEPOLE CR. AT RALTON NE,243101.0000,2017-06-02 12:10 America/Denver
20170602,3175,LODGEPOLE CR. AT RALTON NE,164327.0000,2017-06-02 12:10 America/Denver
20170602,3176,LODGEPOLE CR. AT RALTON NE,28350.0000,2017-06-02 12:10 America/Denver
20170602,3187,LODGEPOLE CR. AT RALTON NE,36773.0000,2017-06-02 12:10 America/Denver
20170602,3225,LODGEPOLE CR. AT RALTON NE,108598.0000,2017-06-02 12:10 America/Denver
20170602,3222,LODGEPOLE CR. AT RALTON NE,108598.0000,2017-06-02 12:10 America/Denver
20170602,3201,LODGEPOLE CR. AT RALTON NE,108598.0000,2017-06-02 12:10 America/Denver
20170602,3228,LODGEPOLE CR. AT RALTON NE,17422.0000,2017-06-02 12:10 America/Denver
20170602,3227,LODGEPOLE CR. AT RALTON NE,0.0000,2017-06-02 12:10 America/Denver
20170602,3226,LODGEPOLE CR. AT RALTON NE,108598.0000,2017-06-02 12:10 America/Denver
20170602,3284,LODGEPOLE CR. AT RALTON NE,89441.0000,2017-06-02 12:10 America/Denver
20170602,3232,LODGEPOLE CR. AT RALTON NE,21107.0000,2017-06-02 12:10 America/Denver
20170602,3283,LODGEPOLE CR. AT RALTON NE,118634.0000,2017-06-02 12:10 America/Denver
20170602,409,LODGEPOLE CR. AT RALTON NE,0.0000,2017-06-02 12:10 America/Denver
20170602,408,LODGEPOLE CR. AT RALTON NE,0.0000,2017-06-02 12:10 America/Denver
20170602,501,LODGEPOLE CR. AT RALTON NE,0.0000,2017-06-02 12:10 America/Denver
20170602,506,LODGEPOLE CR. AT RALTON NE,0.0000,2017-06-02 12:10 America/Denver
20170602,507,LODGEPOLE CR. AT RALTON NE,0.0000,2017-06-02 12:10 America/Denver
20170602,502,LODGEPOLE CR. AT RALTON NE,0.0000,2017-06-02 12:10 America/Denver
20170602,503,LODGEPOLE CR. AT RALTON NE,0.0000,2017-06-02 12:10 America/Denver
20170602,504,LODGEPOLE CR. AT RALTON NE,0.0000,2017-06-02 12:10 America/Denver
20170602,505,LODGEPOLE CR. AT RALTON NE,0.0000,2017-06-02 12:10 America/Denver
20170602,530,LODGEPOLE CR. AT RALTON NE,0.0000,2017-06-02 12:10 America/Denver
20170602,531,LODGEPOLE CR. AT RALTON NE,0.0000,2017-06-02 12:10 America/Denver
20170602,552,LODGEPOLE CR. AT RALTON NE,0.0000,2017-06-02 12:10 America/Denver
20170602,553,LODGEPOLE CR. AT RALTON NE,0.0000,2017-06-02 12:10 America/Denver
20170602,554,LODGEPOLE CR. AT RALTON NE,0.0000,2017-06-02 12:10 America/Denver
20170602,555,LODGEPOLE CR. AT RALTON NE,0.0000,2017-06-02 12:10 America/Denver
20170602,556,LODGEPOLE CR. AT RALTON NE,0.0000,2017-06-02 12:10 America/Denver
20170602,549,LODGEPOLE CR. AT RALTON NE,0.0000,2017-06-02 12:10 America/Denver
20170602,550,LODGEPOLE CR. AT RALTON NE,0.0000,2017-06-02 12:10 America/Denver
20170602,551,LODGEPOLE CR. AT RALTON NE,0.0000,2017-06-02 12:10 America/Denver
20170602,559,LODGEPOLE CR. AT RALTON NE,0.0000,2017-06-02 12:10 America/Denver
20170602,3291,LODGEPOLE CR. AT RALTON NE,0.0000,2017-06-02 12:10 America/Denver
20170602,3290,LODGEPOLE CR. AT RALTON NE,0.0000,2017-06-02 12:10 America/Denver
20170602,3288,LODGEPOLE CR. AT RALTON NE,0.0000,2017-06-02 12:10 America/Denver
20170602,3289,LODGEPOLE CR. AT RALTON NE,0.0000,2017-06-02 12:10 America/Denver
20170602,3287,LODGEPOLE CR. AT RALTON NE,0.0000,2017-06-02 12:10 America/Denver
20170602,3235,LODGEPOLE CR. AT RALTON NE,0.0000,2017-06-02 12:10 America/Denver
20170602,3214,LODGEPOLE CR. AT RALTON NE,161815.0000,2017-06-02 12:10 America/Denver
20170602,3240,LODGEPOLE CR. AT RALTON NE,72571.0000,2017-06-02 12:10 America/Denver
20170602,3285,LODGEPOLE CR. AT RALTON NE,251566.0000,2017-06-02 12:10 America/Denver
20170602,3215,LODGEPOLE CR. AT RALTON NE,604586.0000,2017-06-02 12:10 America/Denver
20170602,3292,LODGEPOLE CR. AT RALTON NE,604586.0000,2017-06-02 12:10 America/Denver
20170602,3271,LODGEPOLE CR. AT RALTON NE,0.0000,2017-06-02 12:10 America/Denver
20170602,3272,LODGEPOLE CR. AT RALTON NE,604586.0000,2017-06-02 12:10 America/Denver
20170602,3295,LODGEPOLE CR. AT RALTON NE,0.0000,2017-06-02 12:10 America/Denver
20170602,3279,LODGEPOLE CR. AT RALTON NE,0.0000,2017-06-02 12:10 America/Denver
20170602,3276,LODGEPOLE CR. AT RALTON NE,0.0000,2017-06-02 12:10 America/Denver
20170602,3213,LODGEPOLE CR. AT RALTON NE,251566.0000,2017-06-02 12:10 America/Denver
20170602,3216,LODGEPOLE CR. AT RALTON NE,0.0000,2017-06-02 12:10 America/Denver
20170602,3280,LODGEPOLE CR. AT RALTON NE,604586.0000,2017-06-02 12:10 America/Denver
20170602,3263,LODGEPOLE CR. AT RALTON NE,0.0000,2017-06-02 12:10 America/Denver
20170602,3293,LODGEPOLE CR. AT RALTON NE,0.0000,2017-06-02 12:10 America/Denver
20170602,3294,LODGEPOLE CR. AT RALTON NE,604586.0000,2017-06-02 12:10 America/Denver
20170602,3296,LODGEPOLE CR. AT RALTON NE,0.0000,2017-06-02 12:10 America/Denver
20170602,3273,LODGEPOLE CR. AT RALTON NE,604586.0000,2017-06-02 12:10 America/Denver
20170602,3281,LODGEPOLE CR. AT RALTON NE,604586.0000,2017-06-02 12:10 America/Denver
20170602,3102,LODGEPOLE CR. AT RALTON NE,123439.0000,2017-06-02 12:10 America/Denver
20170602,3108,LODGEPOLE CR. AT RALTON NE,4355.0000,2017-06-02 12:10 America/Denver
20170602,3207,LODGEPOLE CR. AT RALTON NE,124679.0000,2017-06-02 12:10 America/Denver
20170602,3208,LODGEPOLE CR. AT RALTON NE,38512.0000,2017-06-02 12:10 America/Denver
20170602,3209,LODGEPOLE CR. AT RALTON NE,39030.0000,2017-06-02 12:10 America/Denver
20170602,3210,LODGEPOLE CR. AT RALTON NE,163709.0000,2017-06-02 12:10 America/Denver
20170602,3211,LODGEPOLE CR. AT RALTON NE,0.0000,2017-06-02 12:10 America/Denver
20170602,3212,LODGEPOLE CR. AT RALTON NE,11738.0000,2017-06-02 12:10 America/Denver
20170602,3217,LODGEPOLE CR. AT RALTON NE,11738.0000,2017-06-02 12:10 America/Denver
20170602,3218,LODGEPOLE CR. AT RALTON NE,175447.0000,2017-06-02 12:10 America/Denver
20170602,3219,LODGEPOLE CR. AT RALTON NE,0.0000,2017-06-02 12:10 America/Denver
20170602,3220,LODGEPOLE CR. AT RALTON NE,76119.0000,2017-06-02 12:10 America/Denver
20170602,3221,LODGEPOLE CR. AT RALTON NE,76119.0000,2017-06-02 12:10 America/Denver
20170602,3223,LODGEPOLE CR. AT RALTON NE,15086.0000,2017-06-02 12:10 America/Denver
20170602,3224,LODGEPOLE CR. AT RALTON NE,15065.0000,2017-06-02 12:10 America/Denver
20170602,3206,LODGEPOLE CR. AT RALTON NE,0.0000,2017-06-02 12:10 America/Denver
20170602,3277,LODGEPOLE CR. AT RALTON NE,0.0000,2017-06-02 12:10 America/Denver
20170602,3229,LODGEPOLE CR. AT RALTON NE,29216.0000,2017-06-02 12:10 America/Denver
20170602,3230,LODGEPOLE CR. AT RALTON NE,60944.0000,2017-06-02 12:10 America/Denver
20170602,3231,LODGEPOLE CR. AT RALTON NE,0.0000,2017-06-02 12:10 America/Denver
20170602,3233,LODGEPOLE CR. AT RALTON NE,0.0000,2017-06-02 12:10 America/Denver
20170602,3234,LODGEPOLE CR. AT RALTON NE,11738.0000,2017-06-02 12:10 America/Denver
20170602,3236,LODGEPOLE CR. AT RALTON NE,161815.0000,2017-06-02 12:10 America/Denver
20170602,3239,LODGEPOLE CR. AT RALTON NE,760.0000,2017-06-02 12:10 America/Denver
20170602,3243,LODGEPOLE CR. AT RALTON NE,87579.0000,2017-06-02 12:10 America/Denver
20170602,3244,LODGEPOLE CR. AT RALTON NE,163709.0000,2017-06-02 12:10 America/Denver
20170602,3270,LODGEPOLE CR. AT RALTON NE,163709.0000,2017-06-02 12:10 America/Denver
20170602,402,LODGEPOLE CR. AT RALTON NE,0.0000,2017-06-02 12:10 America/Denver
20170602,3282,LODGEPOLE CR. AT RALTON NE,6822.0000,2017-06-02 12:10 America/Denver
20170602,CLANSELO,LODGEPOLE CR. AT RALTON NE,21057.0000,2017-06-02 12:10 America/Denver
20170602,CLANSEM,LODGEPOLE CR. AT RALTON NE,21057.0000,2017-06-02 12:10 America/Denver
20170602,CLANSEUP,LODGEPOLE CR. AT RALTON NE,9201.0000,2017-06-02 12:10 America/Denver
20170602,CLAFTCLO,LODGEPOLE CR. AT RALTON NE,161815.0000,2017-06-02 12:10 America/Denver
20170602,CLAFTCM,LODGEPOLE CR. AT RALTON NE,140758.0000,2017-06-02 12:10 America/Denver
20170602,CLAFTCUP,LODGEPOLE CR. AT RALTON NE,83811.0000,2017-06-02 12:10 America/Denver
20170602,BAKC2LO,LODGEPOLE CR. AT RALTON NE,20719.0000,2017-06-02 12:10 America/Denver
20170602,BAKC2UP,LODGEPOLE CR. AT RALTON NE,9813.0000,2017-06-02 12:10 America/Denver
20170602,GRDC2,LODGEPOLE CR. AT RALTON NE,4688.0000,2017-06-02 12:10 America/Denver
20170602,GBYC2LO,LODGEPOLE CR. AT RALTON NE,101523.0000,2017-06-02 12:10 America/Denver
20170602,GBYC2UP,LODGEPOLE CR. AT RALTON NE,24226.0000,2017-06-02 12:10 America/Denver
20170602,SDMCOLO,LODGEPOLE CR. AT RALTON NE,69996.0000,2017-06-02 12:10 America/Denver
20170602,SDMCOUP,LODGEPOLE CR. AT RALTON NE,35109.0000,2017-06-02 12:10 America/Denver
20170602,SDMCO,LODGEPOLE CR. AT RALTON NE,69996.0000,2017-06-02 12:10 America/Denver
20170602,GBYC2,LODGEPOLE CR. AT RALTON NE,101523.0000,2017-06-02 12:10 America/Denver
20170602,WCRC2LO,LODGEPOLE CR. AT RALTON NE,55201.0000,2017-06-02 12:10 America/Denver
20170602,WCRC2UP,LODGEPOLE CR. AT RALTON NE,13391.0000,2017-06-02 12:10 America/Denver
20170602,WCDC2,LODGEPOLE CR. AT RALTON NE,55201.0000,2017-06-02 12:10 America/Denver
20170602,CRDC2,LODGEPOLE CR. AT RALTON NE,18714.0000,2017-06-02 12:10 America/Denver
20170602,RWGC2,LODGEPOLE CR. AT RALTON NE,30277.0000,2017-06-02 12:10 America/Denver
20170602,SRGC2,LODGEPOLE CR. AT RALTON NE,62024.0000,2017-06-02 12:10 America/Denver
20170602,DNRC2,LODGEPOLE CR. AT RALTON NE,100513.0000,2017-06-02 12:10 America/Denver
20170602,MVTC2,LODGEPOLE CR. AT RALTON NE,100849.0000,2017-06-02 12:10 America/Denver
20170602,ALAC2,LODGEPOLE CR. AT RALTON NE,100849.0000,2017-06-02 12:10 America/Denver
20170602,close,LODGEPOLE CR. AT RALTON NE,39385.0000,2017-06-02 12:10 America/Denver
20170602,SCKC2,LODGEPOLE CR. AT RALTON NE,2349.0000,2017-06-02 12:10 America/Denver
20170602,TERC2,LODGEPOLE CR. AT RALTON NE,3053.0000,2017-06-02 12:10 America/Denver
20170602,LJCC2,LODGEPOLE CR. AT RALTON NE,3669.0000,2017-06-02 12:10 America/Denver
20170602,RGTC2,LODGEPOLE CR. AT RALTON NE,108123.0000,2017-06-02 12:10 America/Denver
20170602,TTRC2,LODGEPOLE CR. AT RALTON NE,15984.0000,2017-06-02 12:10 America/Denver
20170602,SAFC2,LODGEPOLE CR. AT RALTON NE,1793.0000,2017-06-02 12:10 America/Denver
20170602,UFGC2,LODGEPOLE CR. AT RALTON NE,6975.0000,2017-06-02 12:10 America/Denver
20170602,TBSC2,LODGEPOLE CR. AT RALTON NE,24870.0000,2017-06-02 12:10 America/Denver
20170602,PTOC2,LODGEPOLE CR. AT RALTON NE,8986.0000,2017-06-02 12:10 America/Denver
20170602,MOGC2,LODGEPOLE CR. AT RALTON NE,72974.0000,2017-06-02 12:10 America/Denver
20170602,SAOC2,LODGEPOLE CR. AT RALTON NE,3253.0000,2017-06-02 12:10 America/Denver
20170602,ORTC2,LODGEPOLE CR. AT RALTON NE,72109.0000,2017-06-02 12:10 America/Denver
20170602,SMSC2,LODGEPOLE CR. AT RALTON NE,75362.0000,2017-06-02 12:10 America/Denver
20170602,LSZC2,LODGEPOLE CR. AT RALTON NE,148336.0000,2017-06-02 12:10 America/Denver
20170602,SLUC2,LODGEPOLE CR. AT RALTON NE,18224.0000,2017-06-02 12:10 America/Denver
20170602,LOBC2,LODGEPOLE CR. AT RALTON NE,301960.0000,2017-06-02 12:10 America/Denver
20170602,3286,LODGEPOLE CR. AT RALTON NE,0.0000,2017-06-02 12:10 America/Denver
20170602,3297,LODGEPOLE CR. AT RALTON NE,0.0000,2017-06-02 12:10 America/Denver
20170602,3278,LODGEPOLE CR. AT RALTON NE,0.0000,2017-06-02 12:10 America/Denver
